GCG,0.34,Ala,146264,32.2,1.0000
GCA,0.22,Ala,93390,20.56,0.6471
GCT,0.17,Ala,73677,16.22,0.5000
GCC,0.27,Ala,113412,24.97,0.7941
,,,,,
AGG,0.03,Arg,7423,1.63,0.0789
AGA,0.05,Arg,12345,2.72,0.1316
CGG,0.1,Arg,25751,5.67,0.2632
CGA,0.07,Arg,16607,3.66,0.1842
CGT,0.37,Arg,93997,20.7,0.9737
CGC,0.38,Arg,96053,21.15,1.0000
,,,,,
AAT,0.46,Asn,84846,18.68,0.8519
AAC,0.54,Asn,98018,21.58,1.0000
,,,,,
GAT,0.63,Asp,146794,32.32,1.0000
GAC,0.37,Asp,87759,19.32,0.5873
,,,,,
TGT,0.45,Cys,23461,5.17,0.8182
TGC,0.55,Cys,28747,6.33,1.0000
,,,,,
TGA,0.3,End,4428,0.97,0.4839
TAG,0.08,End,1172,0.26,0.1290
TAA,0.62,End,9006,1.98,1.0000
,,,,,
CAG,0.66,Gln,130898,28.82,1.0000
CAA,0.34,Gln,67129,14.78,0.5152
,,,,,
GAG,0.32,Glu,83804,18.45,0.4706
GAA,0.68,Glu,179460,39.51,1.0000
,,,,,
GGG,0.15,Gly,50527,11.12,0.3846
GGA,0.12,Gly,39036,8.59,0.3077
GGT,0.34,Gly,114185,25.14,0.8718
GGC,0.39,Gly,130043,28.63,1.0000
,,,,,
CAT,0.57,His,57585,12.68,1.0000
CAC,0.43,His,43743,9.63,0.7544
,,,,,
ATA,0.09,Ile,24233,5.34,0.1800
ATT,0.5,Ile,135873,29.92,1.0000
ATC,0.41,Ile,111878,24.63,0.8200
,,,,,
TTG,0.13,Leu,60322,13.28,0.2653
TTA,0.13,Leu,62823,13.83,0.2653
CTG,0.49,Leu,231373,50.94,1.0000
CTA,0.04,Leu,18067,3.98,0.0816
CTT,0.11,Leu,51442,11.33,0.2245
CTC,0.1,Leu,48147,10.6,0.2041
,,,,,
AAG,0.25,Lys,51685,11.38,0.3333
AAA,0.75,Lys,156169,34.38,1.0000
,,,,,
ATG,1,Met,123604,27.21,1.0000
,,,,,
TTT,0.57,Phe,100128,22.05,1.0000
TTC,0.43,Phe,74885,16.49,0.7544
,,,,,
CCG,0.51,Pro,101467,22.34,1.0000
CCA,0.2,Pro,38663,8.51,0.3922
CCT,0.17,Pro,32678,7.19,0.3333
CCC,0.12,Pro,24383,5.37,0.2353
,,,,,
AGT,0.15,Ser,41544,9.15,0.5769
AGC,0.26,Ser,70867,15.6,1.0000
TCG,0.15,Ser,39546,8.71,0.5769
TCA,0.13,Ser,35837,7.89,0.5000
TCT,0.16,Ser,42367,9.33,0.6154
TCC,0.15,Ser,40365,8.89,0.5769
,,,,,
ACG,0.26,Thr,63696,14.02,0.6190
ACA,0.15,Thr,35995,7.93,0.3571
ACT,0.18,Thr,43256,9.52,0.4286
ACC,0.42,Thr,103121,22.7,1.0000
,,,,,
TGG,1,Trp,65630,14.45,1.0000
,,,,,
TAT,0.58,Tyr,75774,16.68,1.0000
TAC,0.42,Tyr,55847,12.3,0.7241
,,,,,
GTG,0.36,Val,115687,25.47,1.0000
GTA,0.16,Val,51020,11.23,0.4444
GTT,0.27,Val,86572,19.06,0.7500
GTC,0.21,Val,67356,14.83,0.5833